{"cameraMode":{"drawMode":0,"name":"Shaded","section":"Shading Mode"},"sceneLighting":true,"audioPlay":false,"sceneViewState":{"showFog":true,"showMaterialUpdate":false,"showSkybox":true,"showFlares":true,"showImageEffects":true,"showParticleSystems":true},"in2DMode":false,"pivot":{"x":9.020000457763672,"y":0.5867025256156921,"z":-8.399325370788575},"rotation":{"x":-0.3272392749786377,"y":-0.19919916987419129,"z":0.07077298313379288,"w":-0.9209915399551392},"size":20.484848022460939,"orthographic":true}